{
  "swagger" : "2.0",
  "info" : {
    "title" : "storeinventory",
    "version" : "1.0.0",
    "description" : "storeinventory"
  },
  "paths" : {
    "/retrieve" : {
      "get" : {
        "operationId" : "getRetrieve",
        "responses" : {
          "200" : {
            "description" : "The operation was successful.",
            "schema" : {
              "type" : "string"
            }
          }
        },
        "produces" : [ "application/json" ],
        "description" : "Retrieve Store Inventory Request",
        "parameters" : [ {
          "name" : "key",
          "in" : "query",
          "type" : "string",
          "required" : true,
          "description" : "Product Key"
        } ]
      }
    }
  },
  "basePath" : "/storeinventory/v1"
}